,Bath,Bedroom,CarPort,Closet,Dining,Entry,Garage,Kitchen,LivingRoom,Outdoor,Room,Storage,Utility,accuracy,macro avg,weighted avg
precision,0.40472813238770683,0.4296368989205103,0.08333333333333333,0.21783235451147892,0.0,0.8642857142857143,0.0967741935483871,0.7899022801302932,0.5244134432466709,0.9409190371991247,0.2727272727272727,0.0,0.4444444444444444,0.4515218289491805,0.38992285421037975,0.5553128279235133
recall,0.7828074988568816,0.9128440366972477,0.011904761904761904,0.4473684210526316,0.0,0.26666666666666666,0.04838709677419355,0.3555718475073314,0.6227409638554217,0.18251273344651953,0.004724409448818898,0.0,0.026845637583892617,0.4515218289491805,0.2817210825995667,0.4515218289491805
f1-score,0.5335826710300764,0.5842786600827439,0.020833333333333332,0.2929982046678636,0.0,0.40757894736842104,0.06451612903225806,0.49039433771486346,0.5693631669535285,0.30572342694632065,0.009287925696594427,0.0,0.05063291139240506,0.4515218289491805,0.25609151647833905,0.39654269253578056
support,2187.0,2398.0,84.0,912.0,286.0,1815.0,124.0,1364.0,1328.0,2356.0,635.0,586.0,447.0,0.4515218289491805,14522.0,14522.0
