,Bath,Bedroom,CarPort,Closet,Dining,Entry,Garage,Kitchen,LivingRoom,Outdoor,Room,Storage,Utility,accuracy,macro avg,weighted avg
precision,0.3860036093843994,0.43910703607733703,0.30952380952380953,0.182247403210576,0.0,0.8579335793357934,0.3333333333333333,0.7948350071736011,0.5104602510460251,0.9219409282700421,0.0,0.5,0.6666666666666666,0.45868337694532435,0.45400397107858337,0.565555706374543
recall,0.8802011888431641,0.9186822351959967,0.15476190476190477,0.21162280701754385,0.0,0.256198347107438,0.016129032258064516,0.40615835777126097,0.6430722891566265,0.18548387096774194,0.0,0.0017064846416382253,0.03131991051454139,0.45868337694532435,0.2850258790950708,0.45868337694532435
f1-score,0.5366601616950097,0.5942009440323668,0.20634920634920637,0.19583967529173008,0.0,0.39456936784047514,0.03076923076923077,0.5376031052886948,0.5691436187937353,0.3088339222614841,0.0,0.003401360544217687,0.05982905982905983,0.45868337694532435,0.26439997328424697,0.3966347893612628
support,2187.0,2398.0,84.0,912.0,286.0,1815.0,124.0,1364.0,1328.0,2356.0,635.0,586.0,447.0,0.45868337694532435,14522.0,14522.0
