,Bath,Bedroom,CarPort,Closet,Dining,Entry,Garage,Kitchen,LivingRoom,Outdoor,Room,Storage,Utility,accuracy,macro avg,weighted avg
precision,0.4023680513746739,0.4452466907340554,0.18181818181818182,0.2999088422971741,0.0,0.8971774193548387,0.5,0.836436170212766,0.5269157694743508,0.9059674502712477,0.125,1.0,0.7741935483870968,0.4816829637790938,0.530387086455722,0.6137852229247833
recall,0.9167809785093736,0.9257714762301918,0.07142857142857142,0.3607456140350877,0.0,0.24517906336088155,0.008064516129032258,0.46114369501466274,0.6265060240963856,0.21264855687606113,0.0015748031496062992,0.0034129692832764505,0.053691275167785234,0.4816829637790938,0.29899596486776275,0.4816829637790938
f1-score,0.5592747559274756,0.6013001083423619,0.10256410256410255,0.32752613240418116,0.0,0.38511466897446994,0.015873015873015872,0.5945179584120983,0.5724114207086343,0.3444482640082503,0.0031104199066874032,0.006802721088435374,0.100418410041841,0.4816829637790938,0.27795092140396566,0.4205189133045838
support,2187.0,2398.0,84.0,912.0,286.0,1815.0,124.0,1364.0,1328.0,2356.0,635.0,586.0,447.0,0.4816829637790938,14522.0,14522.0
