,Bath,Bedroom,CarPort,Closet,Dining,Entry,Garage,Kitchen,LivingRoom,Outdoor,Room,Storage,Utility,accuracy,macro avg,weighted avg
precision,0.38991935483870965,0.4395538737303326,0.3181818181818182,0.20166512488436633,0.0,0.8897196261682243,0.4444444444444444,0.8025936599423631,0.5275200989486704,0.9188679245283019,0.0,0.4,0.7083333333333334,0.46612036909516597,0.46467686607696645,0.571447747639426
recall,0.8843164151806127,0.9203502919099249,0.16666666666666666,0.23903508771929824,0.0,0.2622589531680441,0.03225806451612903,0.4083577712609971,0.6423192771084337,0.2067062818336163,0.0,0.0034129692832764505,0.03803131991051454,0.46612036909516597,0.2925933152736549,0.46612036909516597
f1-score,0.5412061004617322,0.5949588893381857,0.21874999999999997,0.21876567987957854,0.0,0.4051063829787234,0.06015037593984962,0.5413022351797862,0.5792869269949066,0.3374913374913375,0.0,0.00676818950930626,0.07218683651804671,0.46612036909516597,0.275074842637804,0.4069644500796002
support,2187.0,2398.0,84.0,912.0,286.0,1815.0,124.0,1364.0,1328.0,2356.0,635.0,586.0,447.0,0.46612036909516597,14522.0,14522.0
