,Bath,Bedroom,CarPort,Closet,Dining,Entry,Garage,Kitchen,LivingRoom,Outdoor,Room,Storage,Utility,accuracy,macro avg,weighted avg
precision,0.47327281896116996,0.46197124400916856,0.18518518518518517,0.2915811088295688,1.0,0.8998242530755711,0.14285714285714285,0.8648648648648649,0.5389030612244898,0.909952606635071,0.4,0.2878787878787879,0.92,0.5091585181104531,0.5674070056554631,0.6358870528830486
recall,0.8582533150434385,0.9245204336947456,0.05952380952380952,0.6228070175438597,0.013986013986013986,0.2820936639118457,0.06451612903225806,0.5395894428152492,0.6362951807228916,0.24448217317487267,0.006299212598425197,0.032423208191126277,0.05145413870246085,0.5091585181104531,0.333557210687769,0.5091585181104531
f1-score,0.6101088899723712,0.6160900375156315,0.09009009009009009,0.39720279720279716,0.027586206896551724,0.42953020134228187,0.08888888888888889,0.6645598194130925,0.5835635359116023,0.3854131816661091,0.0124031007751938,0.05828220858895705,0.09745762711864407,0.5091585181104531,0.31239819887555476,0.4582754504684125
support,2187.0,2398.0,84.0,912.0,286.0,1815.0,124.0,1364.0,1328.0,2356.0,635.0,586.0,447.0,0.5091585181104531,14522.0,14522.0
