,Bath,Bedroom,CarPort,Closet,Dining,Entry,Garage,Kitchen,LivingRoom,Outdoor,Room,Storage,Utility,accuracy,macro avg,weighted avg
precision,0.4524258125294395,0.46273291925465837,0.13636363636363635,0.2982456140350877,1.0,0.8919382504288165,0.6,0.8627450980392157,0.5546378653113088,0.8985507246376812,0.3333333333333333,0.5,0.8461538461538461,0.504200523343892,0.6028559307759248,0.6386887208621487
recall,0.8783721993598537,0.9320266889074229,0.10714285714285714,0.5964912280701754,0.0034965034965034965,0.2865013774104683,0.024193548387096774,0.5161290322580645,0.6573795180722891,0.21052631578947367,0.0031496062992125984,0.005119453924914676,0.024608501118568233,0.504200523343892,0.3265489869413,0.504200523343892
f1-score,0.59723301725478,0.6184283342556725,0.11999999999999998,0.39766081871345027,0.006968641114982578,0.43369474562135113,0.046511627906976744,0.6458715596330276,0.6016540317022743,0.34112792297111416,0.006240249609984399,0.010135135135135136,0.04782608695652174,0.504200523343892,0.2979501669904054,0.44565112339837387
support,2187.0,2398.0,84.0,912.0,286.0,1815.0,124.0,1364.0,1328.0,2356.0,635.0,586.0,447.0,0.504200523343892,14522.0,14522.0
