,Bath,Bedroom,CarPort,Closet,Dining,Entry,Garage,Kitchen,LivingRoom,Outdoor,Room,Storage,Utility,accuracy,macro avg,weighted avg
precision,0.39811845199914475,0.4377486077963405,0.08108108108108109,0.21788129226145755,0.0,0.8806509945750453,0.19047619047619047,0.8045649072753209,0.5429467084639499,0.9306122448979591,0.0,0.14814814814814814,0.75,0.4653628976724969,0.4140175866903567,0.5633502543934609
recall,0.8513946044810242,0.9178482068390326,0.07142857142857142,0.31798245614035087,0.0,0.26831955922865014,0.03225806451612903,0.41348973607038125,0.6521084337349398,0.1935483870967742,0.0,0.006825938566552901,0.040268456375838924,0.4653628976724969,0.28965172419063423,0.4653628976724969
f1-score,0.5425407925407926,0.5927821168866145,0.0759493670886076,0.258582255907267,0.0,0.4113175675675676,0.05517241379310344,0.5462469733656174,0.5925419089976053,0.3204497540407589,0.0,0.013050570962479609,0.07643312101910828,0.4653628976724969,0.2680820647822709,0.4085103391590876
support,2187.0,2398.0,84.0,912.0,286.0,1815.0,124.0,1364.0,1328.0,2356.0,635.0,586.0,447.0,0.4653628976724969,14522.0,14522.0
