,Bath,Bedroom,CarPort,Closet,Dining,Entry,Garage,Kitchen,LivingRoom,Outdoor,Room,Storage,Utility,accuracy,macro avg,weighted avg
precision,0.3930573523070289,0.43884183572976165,0.14705882352941177,0.21344647519582247,1.0,0.9080882352941176,0.42857142857142855,0.8005780346820809,0.5573878627968337,0.9027777777777778,1.0,0.0,0.8333333333333334,0.46054262498278475,0.5863954737859689,0.6247722247539719
recall,0.8335619570187471,0.9291075896580484,0.11904761904761904,0.35855263157894735,0.01048951048951049,0.2721763085399449,0.024193548387096774,0.40615835777126097,0.6362951807228916,0.16553480475382004,0.0015748031496062992,0.0,0.02237136465324385,0.46054262498278475,0.2906972058285182,0.46054262498278475
f1-score,0.5342124542124542,0.5961204013377926,0.13157894736842105,0.2675941080196399,0.020761245674740487,0.41882153454853754,0.04580152671755725,0.5389105058365758,0.5942334739803095,0.2797704447632712,0.003144654088050314,0.0,0.04357298474945534,0.46054262498278475,0.26727094471513885,0.40142715462355033
support,2187.0,2398.0,84.0,912.0,286.0,1815.0,124.0,1364.0,1328.0,2356.0,635.0,586.0,447.0,0.46054262498278475,14522.0,14522.0
