,Bath,Bedroom,CarPort,Closet,Dining,Entry,Garage,Kitchen,LivingRoom,Outdoor,Room,Storage,Utility,accuracy,macro avg,weighted avg
precision,0.3846916517945667,0.429877455747909,0.16129032258064516,0.2391304347826087,0.0,0.9085365853658537,0.0,0.7804459691252144,0.5460277427490542,0.9202733485193622,0.0,0.0,0.6923076923076923,0.4562043795620438,0.3894293233056082,0.5522706734090643
recall,0.8870598994055784,0.9216013344453712,0.11904761904761904,0.30153508771929827,0.0,0.2462809917355372,0.0,0.33357771260997066,0.6521084337349398,0.17147707979626486,0.0,0.0,0.040268456375838924,0.4562043795620438,0.28253512422080146,0.4562043795620438
f1-score,0.5366528354080221,0.5862846531370208,0.136986301369863,0.2667313288069835,0.0,0.3875162548764629,0.0,0.46738572162300973,0.5943719972546327,0.28908765652951707,0.0,0.0,0.07610993657505286,0.4562043795620438,0.25700974504465884,0.391105217609714
support,2187.0,2398.0,84.0,912.0,286.0,1815.0,124.0,1364.0,1328.0,2356.0,635.0,586.0,447.0,0.4562043795620438,14522.0,14522.0
