,Bath,Bedroom,CarPort,Closet,Dining,Entry,Garage,Kitchen,LivingRoom,Outdoor,Room,Storage,Utility,accuracy,macro avg,weighted avg
precision,0.3773288880172583,0.4344149459193707,0.3,0.18242491657397109,0.0,0.8777589134125636,0.29411764705882354,0.7921259842519685,0.5012048192771085,0.9457700650759219,0.0,0.1724137931034483,0.5,0.4555157691777992,0.41365845943772567,0.5499895645916631
recall,0.8797439414723366,0.9211843202668891,0.07142857142857142,0.17982456140350878,0.0,0.28484848484848485,0.04032258064516129,0.3687683284457478,0.6265060240963856,0.18505942275042445,0.0,0.008532423208191127,0.03131991051454139,0.4555157691777992,0.27673373608309554,0.4555157691777992
f1-score,0.5281361515234697,0.5904049178137111,0.11538461538461536,0.18111540585311983,0.0,0.4301164725457571,0.07092198581560283,0.5032516258129065,0.5568942436412316,0.3095491657791977,0.0,0.016260162601626018,0.05894736842105263,0.4555157691777992,0.25853708578402235,0.3943201056844827
support,2187.0,2398.0,84.0,912.0,286.0,1815.0,124.0,1364.0,1328.0,2356.0,635.0,586.0,447.0,0.4555157691777992,14522.0,14522.0
