,Bath,Bedroom,CarPort,Closet,Dining,Entry,Garage,Kitchen,LivingRoom,Outdoor,Room,Storage,Utility,accuracy,macro avg,weighted avg
precision,0.47868166361496206,0.4572137246796197,0.11764705882352941,0.29113345521023765,0.0,0.8814531548757171,1.0,0.8597339782345829,0.5345364032358432,0.9198664440734557,0.15384615384615385,1.0,0.8787878787878788,0.5028921636138273,0.5825307627216909,0.638256863507555
recall,0.8367626886145405,0.9224353628023353,0.09523809523809523,0.6984649122807017,0.0,0.2539944903581267,0.008064516129032258,0.5212609970674487,0.6468373493975904,0.23387096774193547,0.0031496062992125984,0.0034129692832764505,0.06487695749440715,0.5028921636138273,0.3298745317466694,0.5028921636138273
f1-score,0.6089850249584027,0.611387506909895,0.10526315789473684,0.41096774193548385,0.0,0.3943541488451668,0.016,0.6490187129164765,0.5853492333901192,0.37292724196277494,0.006172839506172839,0.006802721088435374,0.12083333333333333,0.5028921636138273,0.2990816663646921,0.4477674902413541
support,2187.0,2398.0,84.0,912.0,286.0,1815.0,124.0,1364.0,1328.0,2356.0,635.0,586.0,447.0,0.5028921636138273,14522.0,14522.0
