,Bath,Bedroom,CarPort,Closet,Dining,Entry,Garage,Kitchen,LivingRoom,Outdoor,Room,Storage,Utility,accuracy,macro avg,weighted avg
precision,0.38419117647058826,0.4385719984044675,0.12,0.1930116472545757,0.0,0.8368932038834952,0.2777777777777778,0.7806267806267806,0.5136446331109763,0.9120879120879121,0.0,0.5,0.5238095238095238,0.4534499380250654,0.42158574257123826,0.5546309713863472
recall,0.8600823045267489,0.9170141784820683,0.03571428571428571,0.2543859649122807,0.0,0.237465564738292,0.04032258064516129,0.40175953079178883,0.6378012048192772,0.1761460101867572,0.0,0.0034129692832764505,0.049217002237136466,0.4534499380250654,0.27794781510285177,0.4534499380250654
f1-score,0.5311308767471411,0.5933621154883972,0.055045871559633024,0.2194891201513718,0.0,0.36995708154506435,0.0704225352112676,0.5304937076476283,0.5690292240510582,0.2952685876912131,0.0,0.006779661016949152,0.0899795501022495,0.4534499380250654,0.25622756393938256,0.39172144113552054
support,2187.0,2398.0,84.0,912.0,286.0,1815.0,124.0,1364.0,1328.0,2356.0,635.0,586.0,447.0,0.4534499380250654,14522.0,14522.0
