,Bath,Bedroom,CarPort,Closet,Dining,Entry,Garage,Kitchen,LivingRoom,Outdoor,Room,Storage,Utility,accuracy,macro avg,weighted avg
precision,0.9678502879078695,0.5739614994934144,0.0,0.33512931034482757,0.35135135135135137,0.5238095238095238,0.0,0.9394833948339484,0.653276955602537,0.375968992248062,0.21052631578947367,0.3,0.7900552486187845,0.5674149566175458,0.46318560615383014,0.5885770526555567
recall,0.922267946959305,0.4724770642201835,0.0,0.34100877192982454,0.09090909090909091,0.30303030303030304,0.0,0.9332844574780058,0.23268072289156627,0.9881154499151104,0.006299212598425197,0.005119453924914676,0.639821029082774,0.5674149566175458,0.37961642330303874,0.5674149566175458
f1-score,0.9445094825567784,0.5182982616651418,0.0,0.33804347826086956,0.14444444444444446,0.38394415357766143,0.0,0.9363736667892607,0.3431426985008329,0.5446888160973328,0.012232415902140673,0.010067114093959731,0.7070457354758962,0.5674149566175458,0.3755992513357168,0.5302917824268546
support,2187.0,2398.0,84.0,912.0,286.0,1815.0,124.0,1364.0,1328.0,2356.0,635.0,586.0,447.0,0.5674149566175458,14522.0,14522.0
