,Bath,Bedroom,CarPort,Closet,Dining,Entry,Garage,Kitchen,LivingRoom,Outdoor,Room,Storage,Utility,accuracy,macro avg,weighted avg
precision,0.7969565217391305,0.7720897615708275,0.7068965517241379,0.6389201349831272,0.7444444444444445,0.8787878787878788,0.7711864406779662,0.8395149786019972,0.7557755775577558,0.9471273938384679,0.4175824175824176,0.7021276595744681,0.6696035242290749,0.8083597300647294,0.7416164065624381,0.7916370211537023
recall,0.8381344307270233,0.9182652210175146,0.4880952380952381,0.6228070175438597,0.7027972027972028,0.9107438016528926,0.7338709677419355,0.8629032258064516,0.8621987951807228,0.9656196943972836,0.05984251968503937,0.6194539249146758,0.3400447427293065,0.8083597300647294,0.686521290945319,0.8083597300647294
f1-score,0.8170269667929575,0.8388571428571429,0.5774647887323943,0.6307606885063853,0.7230215827338129,0.8944805194805195,0.7520661157024793,0.8510484454085322,0.8054871614491734,0.9562841530054644,0.10468319559228652,0.658204895738894,0.45103857566765576,0.8083597300647294,0.6969557101282846,0.7907326363335107
support,2187.0,2398.0,84.0,912.0,286.0,1815.0,124.0,1364.0,1328.0,2356.0,635.0,586.0,447.0,0.8083597300647294,14522.0,14522.0
