,Bath,Bedroom,CarPort,Closet,Dining,Entry,Garage,Kitchen,LivingRoom,Outdoor,Room,Storage,Utility,accuracy,macro avg,weighted avg
precision,0.7809970174691095,0.759375,0.6949152542372882,0.6351981351981352,0.7242647058823529,0.8579634464751958,0.6833333333333333,0.84491587417703,0.7914625612316305,0.9393939393939394,0.5094339622641509,0.6925795053003534,0.634020618556701,0.8019556534912546,0.7344502579630169,0.7881325595629751
recall,0.8381344307270233,0.9120100083402836,0.4880952380952381,0.5975877192982456,0.6888111888111889,0.9052341597796143,0.6612903225806451,0.8467741935483871,0.8516566265060241,0.9605263157894737,0.08503937007874016,0.6689419795221843,0.2751677852348993,0.8019556534912546,0.6753284106393805,0.8019556534912546
f1-score,0.8085575650639611,0.8287230011367943,0.5734265734265734,0.615819209039548,0.7060931899641577,0.880965147453083,0.6721311475409835,0.8458440131819845,0.8204570184983677,0.9498426023084995,0.145748987854251,0.6805555555555556,0.3837753510140406,0.8019556534912546,0.6855337970798309,0.7845791096209995
support,2187.0,2398.0,84.0,912.0,286.0,1815.0,124.0,1364.0,1328.0,2356.0,635.0,586.0,447.0,0.8019556534912546,14522.0,14522.0
