,Bath,Bedroom,CarPort,Closet,Dining,Entry,Garage,Kitchen,LivingRoom,Outdoor,Room,Storage,Utility,accuracy,macro avg,weighted avg
precision,0.7890658631080499,0.7657625924621345,0.7272727272727273,0.6343115124153499,0.7418181818181818,0.8628571428571429,0.6268656716417911,0.8652849740932642,0.7782285327924273,0.9446985446985448,0.32608695652173914,0.7192307692307692,0.6428571428571429,0.8061561768351466,0.7249492778284049,0.7859029998528795
recall,0.8381344307270233,0.9065888240200167,0.47619047619047616,0.6162280701754386,0.7132867132867133,0.9151515151515152,0.6774193548387096,0.8570381231671554,0.8667168674698795,0.9643463497453311,0.047244094488188976,0.6382252559726962,0.3422818791946309,0.8061561768351466,0.6814501503405981,0.8061561768351466
f1-score,0.812860310421286,0.8302463242314301,0.5755395683453238,0.625139043381535,0.7272727272727274,0.8882352941176471,0.6511627906976745,0.8611418047882137,0.8200926255789098,0.9544213400546104,0.08253094910591471,0.6763110307414104,0.44671532846715334,0.8061561768351466,0.6885899336310644,0.7883710118966704
support,2187.0,2398.0,84.0,912.0,286.0,1815.0,124.0,1364.0,1328.0,2356.0,635.0,586.0,447.0,0.8061561768351466,14522.0,14522.0
