,Bath,Bedroom,CarPort,Closet,Dining,Entry,Garage,Kitchen,LivingRoom,Outdoor,Room,Storage,Utility,accuracy,macro avg,weighted avg
precision,0.790074659639877,0.765759559076817,0.7708333333333334,0.6274089935760171,0.73992673992674,0.8570683359415754,0.7380952380952381,0.8718140929535232,0.7746288798920378,0.9435215946843853,0.40298507462686567,0.7217068645640075,0.6635514018691588,0.8073268144883625,0.7436442129368904,0.7902544598771856
recall,0.8225880201188843,0.927022518765638,0.44047619047619047,0.6425438596491229,0.7062937062937062,0.9052341597796143,0.75,0.8526392961876833,0.8644578313253012,0.9643463497453311,0.04251968503937008,0.6638225255972696,0.31767337807606266,0.8073268144883625,0.6845859631580133,0.8073268144883625
f1-score,0.8060035842293908,0.8387096774193549,0.5606060606060607,0.6348862405200434,0.7227191413237926,0.8804930332261522,0.744,0.8621200889547813,0.8170818505338077,0.9538203190596137,0.07692307692307691,0.6915555555555556,0.42965204236006055,0.8073268144883625,0.6937362054393609,0.7885608509995093
support,2187.0,2398.0,84.0,912.0,286.0,1815.0,124.0,1364.0,1328.0,2356.0,635.0,586.0,447.0,0.8073268144883625,14522.0,14522.0
