,Bath,Bedroom,CarPort,Closet,Dining,Entry,Garage,Kitchen,LivingRoom,Outdoor,Room,Storage,Utility,accuracy,macro avg,weighted avg
precision,0.947945205479452,0.7966936334857545,0.7213114754098361,0.8190045248868778,0.7680608365019012,0.8966233766233767,0.6183206106870229,0.9661399548532731,0.7733674775928298,0.9457429048414023,0.40384615384615385,0.7200772200772201,0.8586956521739131,0.8666850296102465,0.7873714635737701,0.8504420933272696
recall,0.9492455418381345,0.9445371142618849,0.5238095238095238,0.793859649122807,0.7062937062937062,0.9509641873278237,0.6532258064516129,0.9413489736070382,0.9096385542168675,0.9617996604414262,0.03307086614173228,0.636518771331058,0.7069351230425056,0.8666850296102465,0.7470190367604709,0.8666850296102465
f1-score,0.9485949280328991,0.864338866628506,0.6068965517241379,0.8062360801781736,0.7358834244080145,0.9229946524064172,0.6352941176470588,0.9535833642777573,0.8359861591695502,0.9537037037037038,0.061135371179039305,0.6757246376811594,0.7754601226993866,0.8666850296102465,0.7519870753642928,0.8495546258601727
support,2187.0,2398.0,84.0,912.0,286.0,1815.0,124.0,1364.0,1328.0,2356.0,635.0,586.0,447.0,0.8666850296102465,14522.0,14522.0
