,Bath,Bedroom,CarPort,Closet,Dining,Entry,Garage,Kitchen,LivingRoom,Outdoor,Room,Storage,Utility,accuracy,macro avg,weighted avg
precision,0.7954251186879586,0.7735782409042741,0.8181818181818182,0.6527777777777778,0.7181467181467182,0.8655549765502866,0.6544117647058824,0.8568313953488372,0.7806191117092867,0.9407407407407408,0.4578313253012048,0.6824196597353497,0.6118143459915611,0.8089106183721251,0.7391025379832075,0.7920453435196406
recall,0.8427069044352995,0.9132610508757297,0.5357142857142857,0.618421052631579,0.6503496503496503,0.9151515151515152,0.717741935483871,0.8643695014662757,0.8734939759036144,0.9702886247877759,0.05984251968503937,0.6160409556313993,0.3243847874720358,0.8089106183721251,0.6847512891990826,0.8089106183721251
f1-score,0.8183836589698047,0.8376362593230063,0.6474820143884892,0.6351351351351351,0.6825688073394495,0.8896625602570969,0.6846153846153847,0.8605839416058394,0.8244491826581379,0.9552862515670707,0.10584958217270195,0.6475336322869953,0.4239766081871345,0.8089106183721251,0.6933202321927882,0.7906954437822142
support,2187.0,2398.0,84.0,912.0,286.0,1815.0,124.0,1364.0,1328.0,2356.0,635.0,586.0,447.0,0.8089106183721251,14522.0,14522.0
