,Bath,Bedroom,CarPort,Closet,Dining,Entry,Garage,Kitchen,LivingRoom,Outdoor,Room,Storage,Utility,accuracy,macro avg,weighted avg
precision,0.7950747581354441,0.7827795641300465,0.7916666666666666,0.6205450733752621,0.7630662020905923,0.8597592883307169,0.6564885496183206,0.8551034975017845,0.7757817697937458,0.9525409491810164,0.3829787234042553,0.7197696737044146,0.6559633027522935,0.8100123949869164,0.7393475398988123,0.7924152025648608
recall,0.8267032464563329,0.9136780650542119,0.4523809523809524,0.6491228070175439,0.7657342657342657,0.9052341597796143,0.6935483870967742,0.8782991202346041,0.8780120481927711,0.9626485568760611,0.05669291338582677,0.6399317406143344,0.319910514541387,0.8100123949869164,0.6878382136434369,0.8100123949869164
f1-score,0.8105805873122618,0.8431787569751781,0.5757575757575758,0.6345123258306539,0.7643979057591623,0.8819108964036501,0.6745098039215687,0.8665461121157324,0.8237371953373365,0.9575680810639646,0.09876543209876544,0.6775067750677507,0.43007518796992483,0.8100123949869164,0.695311279662579,0.7924905312505938
support,2187.0,2398.0,84.0,912.0,286.0,1815.0,124.0,1364.0,1328.0,2356.0,635.0,586.0,447.0,0.8100123949869164,14522.0,14522.0
