,Bath,Bedroom,CarPort,Closet,Dining,Entry,Garage,Kitchen,LivingRoom,Outdoor,Room,Storage,Utility,accuracy,macro avg,weighted avg
precision,0.949350067234424,0.8075299085151302,0.8245614035087719,0.8974654377880185,0.9084249084249084,0.9246284501061571,0.75,0.9672619047619048,0.8158772515010007,0.9556568586821385,0.5866666666666667,0.8053949903660886,0.8530183727034121,0.8915438644814764,0.8496797092506632,0.8822200050268934
recall,0.9684499314128944,0.9570475396163469,0.5595238095238095,0.8541666666666666,0.8671328671328671,0.9597796143250689,0.8225806451612904,0.9530791788856305,0.920933734939759,0.9787775891341256,0.06929133858267716,0.7133105802047781,0.727069351230425,0.8915438644814764,0.7962417574474105,0.8915438644814764
f1-score,0.9588048890900861,0.8759541984732824,0.6666666666666666,0.8752808988764044,0.8872987477638641,0.9418761827520952,0.7846153846153845,0.9601181683899558,0.8652281570569508,0.9670790522122038,0.12394366197183097,0.7565610859728507,0.785024154589372,0.8915438644814764,0.803727019110073,0.8760696117272545
support,2187.0,2398.0,84.0,912.0,286.0,1815.0,124.0,1364.0,1328.0,2356.0,635.0,586.0,447.0,0.8915438644814764,14522.0,14522.0
