,Bath,Bedroom,CarPort,Closet,Dining,Entry,Garage,Kitchen,LivingRoom,Outdoor,Room,Storage,Utility,accuracy,macro avg,weighted avg
precision,0.9587675577707295,0.8048005647723262,0.7741935483870968,0.8926096997690531,0.8933823529411765,0.9197692711064499,0.7014925373134329,0.970873786407767,0.8208053691275168,0.9500831946755408,0.5402298850574713,0.7874306839186691,0.8710526315789474,0.8896157554055916,0.8373454679097061,0.8789588643209956
recall,0.9675354366712391,0.950792326939116,0.5714285714285714,0.8475877192982456,0.8496503496503497,0.9663911845730028,0.7580645161290323,0.9530791788856305,0.920933734939759,0.969439728353141,0.07401574803149606,0.726962457337884,0.7404921700223713,0.8896157554055916,0.7920287017122951,0.8896157554055916
f1-score,0.9631315430131998,0.8717262473714396,0.6575342465753424,0.8695163104611924,0.8709677419354839,0.9425040300913488,0.7286821705426356,0.9618941916389198,0.8679914833215047,0.9596638655462186,0.13019390581717452,0.7559893522626442,0.8004836759371222,0.8896157554055916,0.7984829818857098,0.8748300291842167
support,2187.0,2398.0,84.0,912.0,286.0,1815.0,124.0,1364.0,1328.0,2356.0,635.0,586.0,447.0,0.8896157554055916,14522.0,14522.0
