,Bath,Bedroom,CarPort,Closet,Dining,Entry,Garage,Kitchen,LivingRoom,Outdoor,Room,Storage,Utility,accuracy,macro avg,weighted avg
precision,0.8525913338997451,0.7822054276880797,0.78125,0.8017456359102244,0.8961538461538462,0.9160021265284424,0.6716417910447762,0.8840792369772561,0.8302277432712215,0.964390448261416,0.5394736842105263,0.8022813688212928,0.7492063492063492,0.8560804296928798,0.805480691690244,0.8447471872074654
recall,0.9176954732510288,0.9495412844036697,0.5952380952380952,0.7050438596491229,0.8146853146853147,0.9493112947658402,0.7258064516129032,0.8834310850439883,0.9058734939759037,0.9770797962648556,0.06456692913385827,0.7201365187713311,0.5279642058165548,0.8560804296928798,0.7489518309701899,0.8560804296928798
f1-score,0.8839462673419952,0.8577886607647391,0.6756756756756757,0.7502917152858809,0.8534798534798534,0.9323593073593074,0.6976744186046512,0.8837550421708837,0.8664025927259633,0.9706936538056082,0.11533052039381152,0.7589928057553957,0.6194225721784776,0.8560804296928798,0.7589086988878648,0.839546538256529
support,2187.0,2398.0,84.0,912.0,286.0,1815.0,124.0,1364.0,1328.0,2356.0,635.0,586.0,447.0,0.8560804296928798,14522.0,14522.0
