,Bath,Bedroom,CarPort,Closet,Dining,Entry,Garage,Kitchen,LivingRoom,Outdoor,Room,Storage,Utility,accuracy,macro avg,weighted avg
precision,0.7888841016803102,0.7690179806362379,0.7454545454545455,0.6292257360959651,0.7744360902255639,0.8775401069518717,0.717741935483871,0.8613787991104522,0.7974947807933194,0.9546218487394958,0.42045454545454547,0.7194244604316546,0.6142322097378277,0.8118716430243768,0.7438390108304355,0.7957104194628997
recall,0.837219935985368,0.9274395329441201,0.4880952380952381,0.6326754385964912,0.7202797202797203,0.9041322314049587,0.717741935483871,0.8519061583577713,0.8629518072289156,0.9643463497453311,0.05826771653543307,0.6825938566552902,0.3668903803131991,0.8118716430243768,0.6934261770481314,0.8118716430243768
f1-score,0.8123336291038153,0.8408317580340264,0.5899280575539569,0.6309458720612356,0.7463768115942029,0.8906377204884667,0.7177419354838711,0.8566162919277551,0.8289330922242314,0.9594594594594595,0.10235131396957123,0.7005253940455343,0.4593837535014005,0.8118716430243768,0.7027742376498097,0.7951670419927517
support,2187.0,2398.0,84.0,912.0,286.0,1815.0,124.0,1364.0,1328.0,2356.0,635.0,586.0,447.0,0.8118716430243768,14522.0,14522.0
