,Bath,Bedroom,CarPort,Closet,Dining,Entry,Garage,Kitchen,LivingRoom,Outdoor,Room,Storage,Utility,accuracy,macro avg,weighted avg
precision,0.519298245614035,0.45989937851435336,0.5294117647058824,0.6580756013745704,0.7950819672131147,0.8155515370705244,0.3157894736842105,0.7079169869331283,0.7130242825607064,0.552899936265137,0.30303030303030304,0.5781990521327014,0.4383116883116883,0.5900702382591929,0.5681915551854119,0.5895437667344979
recall,0.48615673392773345,0.6181384248210023,0.09782608695652174,0.4255555555555556,0.6807017543859649,0.7592592592592593,0.05217391304347826,0.6592698639942735,0.7352048558421851,0.7329953527672158,0.04746835443037975,0.4326241134751773,0.3176470588235294,0.5900702382591929,0.46500164056017507,0.5900702382591929
f1-score,0.5021812893843917,0.5274053962328186,0.1651376146788991,0.5168690958164642,0.7334593572778828,0.7863993025283348,0.08955223880597014,0.6827279466271312,0.7239447142323496,0.6303360581289738,0.08207934336525309,0.4949290060851927,0.3683492496589359,0.5900702382591929,0.4848746625248151,0.5773733908495148
support,2131.0,2514.0,92.0,900.0,285.0,1782.0,115.0,1397.0,1318.0,2367.0,632.0,564.0,425.0,0.5900702382591929,14522.0,14522.0
