,Bath,Bedroom,CarPort,Closet,Dining,Entry,Garage,Kitchen,LivingRoom,Outdoor,Room,Storage,Utility,accuracy,macro avg,weighted avg
precision,0.79185119574845,0.760219855719684,0.7384615384615385,0.6340933767643865,0.75,0.8581187598528639,0.7256637168141593,0.8818181818181818,0.7660702451954937,0.9481668773704172,0.3561643835616438,0.6731793960923623,0.6265560165975104,0.8041592067208374,0.7315664264612839,0.7858296416313614
recall,0.8175582990397805,0.9228523769808173,0.5714285714285714,0.6403508771929824,0.7132867132867133,0.8997245179063361,0.6612903225806451,0.8533724340175953,0.8704819277108434,0.9550084889643463,0.04094488188976378,0.6467576791808873,0.3378076062639821,0.8041592067208374,0.6869895920340972,0.8041592067208374
f1-score,0.8044994375703036,0.8336786588811453,0.6442953020134228,0.6372067648663394,0.7311827956989247,0.8784292630446477,0.6919831223628691,0.8673621460506705,0.8149453648219951,0.9515753859166842,0.07344632768361582,0.65970409051349,0.43895348837209297,0.8041592067208374,0.6944047805997079,0.7863797420051062
support,2187.0,2398.0,84.0,912.0,286.0,1815.0,124.0,1364.0,1328.0,2356.0,635.0,586.0,447.0,0.8041592067208374,14522.0,14522.0
