,Bath,Bedroom,CarPort,Closet,Dining,Entry,Garage,Kitchen,LivingRoom,Outdoor,Room,Storage,Utility,accuracy,macro avg,weighted avg
precision,0.9680601221230625,0.8278835788717211,0.8805970149253731,0.8459869848156182,0.9166666666666666,0.9389596602972399,0.7131147540983607,0.9688449848024316,0.8405081157374735,0.9625468164794008,0.43333333333333335,0.7452991452991453,0.8838383838383839,0.8938162787494836,0.8404338124067855,0.8817300132418256
recall,0.959050721265705,0.9540372670807453,0.6145833333333334,0.8883826879271071,0.9010238907849829,0.9598480737927293,0.7565217391304347,0.9564891222805701,0.9070830159939071,0.9755377477857444,0.13787878787878788,0.7530224525043178,0.7337526205450734,0.8938162787494836,0.8074778046387261,0.8938162787494836
f1-score,0.9635343618513323,0.8864948056944979,0.7239263803680982,0.8666666666666667,0.9087779690189328,0.9492889723638315,0.7341772151898733,0.9626274065685163,0.8725274725274724,0.9689987431922916,0.20919540229885056,0.7491408934707905,0.8018327605956472,0.8938162787494836,0.8151683884466772,0.8829909902279026
support,2149.0,2415.0,96.0,878.0,293.0,1843.0,115.0,1333.0,1313.0,2371.0,660.0,579.0,477.0,0.8938162787494836,14522.0,14522.0
