,Bath,Bedroom,CarPort,Closet,Dining,Entry,Garage,Kitchen,LivingRoom,Outdoor,Room,Storage,Utility,accuracy,macro avg,weighted avg
precision,0.9076233183856502,0.5073808519611978,0.0,0.32222222222222224,0.5,0.6656200941915228,0.0,0.9407027818448024,0.7182448036951501,0.37388107416879796,0.0,0.0,0.8215384615384616,0.5608731579672221,0.44286258523136957,0.5737279861403044
recall,0.9254686785550983,0.5016680567139282,0.0,0.31798245614035087,0.006993006993006993,0.23360881542699724,0.0,0.9420821114369502,0.2341867469879518,0.9927843803056027,0.0,0.0,0.5973154362416108,0.5608731579672221,0.3655453606770382,0.5608731579672221
f1-score,0.9164591351596106,0.5045082826588382,0.0,0.3200883002207505,0.013793103448275862,0.34584013050570966,0.0,0.9413919413919414,0.3532084043157297,0.5431955411054343,0.0,0.0,0.6917098445595854,0.5608731579672221,0.356168821797375,0.5150636654054395
support,2187.0,2398.0,84.0,912.0,286.0,1815.0,124.0,1364.0,1328.0,2356.0,635.0,586.0,447.0,0.5608731579672221,14522.0,14522.0
