,Bath,Bedroom,CarPort,Closet,Dining,Entry,Garage,Kitchen,LivingRoom,Outdoor,Room,Storage,Utility,accuracy,macro avg,weighted avg
precision,0.7957653286281429,0.7605200136845707,0.7878787878787878,0.6370530877573131,0.7660377358490567,0.8579604578563996,0.7105263157894737,0.881638846737481,0.7766599597585513,0.9536256323777403,0.36486486486486486,0.6910420475319927,0.6208333333333333,0.808153146949456,0.738800493234439,0.7898694683787427
recall,0.8248742569730224,0.927022518765638,0.6190476190476191,0.6447368421052632,0.7097902097902098,0.9085399449035813,0.6532258064516129,0.8519061583577713,0.8719879518072289,0.9601018675721562,0.04251968503937008,0.6450511945392492,0.3333333333333333,0.808153146949456,0.6917028760527735,0.808153146949456
f1-score,0.8100583744948361,0.8355572260853222,0.6933333333333334,0.6408719346049047,0.736842105263158,0.8825260904468826,0.680672268907563,0.866517524235645,0.8215679318907413,0.9568527918781726,0.07616361071932298,0.6672550750220654,0.43377001455604075,0.808153146949456,0.7001529447259991,0.7902142964256249
support,2187.0,2398.0,84.0,912.0,286.0,1815.0,124.0,1364.0,1328.0,2356.0,635.0,586.0,447.0,0.808153146949456,14522.0,14522.0
