,Bath,Bedroom,CarPort,Closet,Dining,Entry,Garage,Kitchen,LivingRoom,Outdoor,Room,Storage,Utility,accuracy,macro avg,weighted avg
precision,0.7966913365259034,0.7603591160220995,0.7213114754098361,0.6243386243386243,0.7328767123287672,0.8711204629142556,0.6460176991150443,0.8717179294823706,0.793127147766323,0.9545645771981489,0.3157894736842105,0.6941391941391941,0.7203791469194313,0.8094615066795208,0.7309563766034005,0.7910092474379948
recall,0.8367626886145405,0.9182652210175146,0.5238095238095238,0.6469298245614035,0.7482517482517482,0.912396694214876,0.5887096774193549,0.8519061583577713,0.8689759036144579,0.9630730050933786,0.047244094488188976,0.6467576791808873,0.3400447427293065,0.8094615066795208,0.6840866893348424,0.8094615066795208
f1-score,0.816235504014273,0.8318851530034002,0.6068965517241379,0.6354334948842217,0.740484429065744,0.891280947255113,0.6160337552742616,0.8616981831664813,0.8293208767517067,0.958799915487006,0.0821917808219178,0.6696113074204947,0.4620060790273556,0.8094615066795208,0.692452152145855,0.7921107096022406
support,2187.0,2398.0,84.0,912.0,286.0,1815.0,124.0,1364.0,1328.0,2356.0,635.0,586.0,447.0,0.8094615066795208,14522.0,14522.0
