,Bath,Bedroom,CarPort,Closet,Dining,Entry,Garage,Kitchen,LivingRoom,Outdoor,Room,Storage,Utility,accuracy,macro avg,weighted avg
precision,0.923878568192116,0.49863107460643397,0.0,0.25,0.40476190476190477,0.5199600798403193,0.0,0.9473684210526315,0.7012048192771084,0.373024740622506,0.0,0.0,0.8409090909090909,0.5647982371574163,0.41997989994323925,0.5496400202501892
recall,0.9323273891175126,0.6075896580483736,0.0,0.003289473684210526,0.05944055944055944,0.28705234159779613,0.0,0.9369501466275659,0.2191265060240964,0.9919354838709677,0.0,0.0,0.5794183445190156,0.5647982371574163,0.35516383868693063,0.5647982371574163
f1-score,0.9280837505689576,0.5477443609022558,0.0,0.006493506493506494,0.10365853658536586,0.3698970536031239,0.0,0.9421304828603022,0.33390705679862304,0.5421644820786452,0.0,0.0,0.686092715231788,0.5647982371574163,0.343090149624813,0.5070003598091862
support,2187.0,2398.0,84.0,912.0,286.0,1815.0,124.0,1364.0,1328.0,2356.0,635.0,586.0,447.0,0.5647982371574163,14522.0,14522.0
