,Bath,Bedroom,CarPort,Closet,Dining,Entry,Garage,Kitchen,LivingRoom,Outdoor,Room,Storage,Utility,accuracy,macro avg,weighted avg
precision,0.9685888420065635,0.7997174143412222,0.71875,0.80406852248394,0.7455830388692579,0.9030239833159541,0.6347826086956522,0.9669421487603306,0.7931726907630522,0.9549093973872735,0.33035714285714285,0.6844919786096256,0.8659517426273459,0.8693706101088005,0.7823338085167199,0.8525429314487037
recall,0.9446730681298583,0.9441201000834029,0.5476190476190477,0.8234649122807017,0.7377622377622378,0.9542699724517907,0.5887096774193549,0.9435483870967742,0.8923192771084337,0.9617996604414262,0.05826771653543307,0.6552901023890785,0.7225950782997763,0.8693706101088005,0.7518799413551781,0.8693706101088005
f1-score,0.9564814814814816,0.8659399502772996,0.6216216216216217,0.8136511375947996,0.7416520210896308,0.9279399946423788,0.6108786610878661,0.9551020408163265,0.8398299078667611,0.9583421442165364,0.09906291834002678,0.6695727986050566,0.7878048780487805,0.8693706101088005,0.757529196591428,0.8551176396819349
support,2187.0,2398.0,84.0,912.0,286.0,1815.0,124.0,1364.0,1328.0,2356.0,635.0,586.0,447.0,0.8693706101088005,14522.0,14522.0
