,Bath,Bedroom,CarPort,Closet,Dining,Entry,Garage,Kitchen,LivingRoom,Outdoor,Room,Storage,Utility,accuracy,macro avg,weighted avg
precision,0.8004338394793926,0.773663988822913,0.6756756756756757,0.6555555555555556,0.7731958762886598,0.8661131292163985,0.7387387387387387,0.8705621301775148,0.7927247769389156,0.9595789473684211,0.3786407766990291,0.7325581395348837,0.6209677419354839,0.81655419363724,0.7414161012639678,0.7983330961483006
recall,0.8436213991769548,0.9236864053377815,0.5952380952380952,0.6469298245614035,0.7867132867132867,0.9195592286501377,0.6612903225806451,0.8629032258064516,0.8697289156626506,0.9673174872665535,0.06141732283464567,0.6450511945392492,0.34451901565995524,0.81655419363724,0.7021519787713699,0.81655419363724
f1-score,0.8214603739982191,0.8420452385478046,0.6329113924050633,0.65121412803532,0.7798960138648181,0.8920363442009619,0.6978723404255319,0.8667157584683357,0.829443447037702,0.9634326780807441,0.1056910569105691,0.6860254083484574,0.44316546762589926,0.81655419363724,0.7086084344576483,0.7996302721966067
support,2187.0,2398.0,84.0,912.0,286.0,1815.0,124.0,1364.0,1328.0,2356.0,635.0,586.0,447.0,0.81655419363724,14522.0,14522.0
